groups,meso,Mes,CHIKV_cases,POP,inc_meso
1,Centro-Sul Cearense,15-Jan,0,393731,0.00
2,Centro-Sul Cearense,15-Feb,0,393731,0.00
3,Centro-Sul Cearense,15-Mar,0,393731,0.00
4,Centro-Sul Cearense,15-Apr,1,393731,0.25
5,Centro-Sul Cearense,15-May,0,393731,0.00
6,Centro-Sul Cearense,15-Jun,0,393731,0.00
7,Centro-Sul Cearense,15-Jul,0,393731,0.00
8,Centro-Sul Cearense,15-Aug,0,393731,0.00
9,Centro-Sul Cearense,15-Sep,0,393731,0.00
10,Centro-Sul Cearense,15-Oct,0,393731,0.00
11,Centro-Sul Cearense,15-Nov,0,393731,0.00
12,Centro-Sul Cearense,15-Dec,0,393731,0.00
13,Centro-Sul Cearense,16-Jan,0,393731,0.00
14,Centro-Sul Cearense,16-Feb,2,393731,0.51
15,Centro-Sul Cearense,16-Mar,6,393731,1.52
16,Centro-Sul Cearense,16-Apr,23,393731,5.84
17,Centro-Sul Cearense,16-May,42,393731,10.67
18,Centro-Sul Cearense,16-Jun,24,393731,6.10
19,Centro-Sul Cearense,16-Jul,20,393731,5.08
20,Centro-Sul Cearense,16-Aug,26,393731,6.60
21,Centro-Sul Cearense,16-Sep,7,393731,1.78
22,Centro-Sul Cearense,16-Oct,1,393731,0.25
23,Centro-Sul Cearense,16-Nov,2,393731,0.51
24,Centro-Sul Cearense,16-Dec,1,393731,0.25
25,Centro-Sul Cearense,17-Jan,1,393731,0.25
26,Centro-Sul Cearense,17-Feb,1,393731,0.25
27,Centro-Sul Cearense,17-Mar,8,393731,2.03
28,Centro-Sul Cearense,17-Apr,82,393731,20.83
29,Centro-Sul Cearense,17-May,539,393731,136.90
30,Centro-Sul Cearense,17-Jun,93,393731,23.62
31,Centro-Sul Cearense,17-Jul,10,393731,2.54
32,Centro-Sul Cearense,17-Aug,4,393731,1.02
33,Centro-Sul Cearense,17-Sep,0,393731,0.00
34,Centro-Sul Cearense,17-Oct,2,393731,0.51
35,Centro-Sul Cearense,17-Nov,3,393731,0.76
36,Centro-Sul Cearense,17-Dec,0,393731,0.00
37,Centro-Sul Cearense,18-Jan,0,393731,0.00
38,Centro-Sul Cearense,18-Feb,0,393731,0.00
39,Centro-Sul Cearense,18-Mar,1,393731,0.25
40,Centro-Sul Cearense,18-Apr,0,393731,0.00
41,Centro-Sul Cearense,18-May,1,393731,0.25
42,Centro-Sul Cearense,18-Jun,1,393731,0.25
43,Centro-Sul Cearense,18-Jul,10,393731,2.54
44,Centro-Sul Cearense,18-Aug,1,393731,0.25
45,Centro-Sul Cearense,18-Sep,1,393731,0.25
46,Centro-Sul Cearense,18-Oct,0,393731,0.00
47,Centro-Sul Cearense,18-Nov,0,393731,0.00
48,Centro-Sul Cearense,18-Dec,0,393731,0.00
49,Centro-Sul Cearense,19-Jan,1,393731,0.25
50,Centro-Sul Cearense,19-Feb,0,393731,0.00
51,Centro-Sul Cearense,19-Mar,0,393731,0.00
52,Centro-Sul Cearense,19-Apr,0,393731,0.00
53,Centro-Sul Cearense,19-May,0,393731,0.00
54,Centro-Sul Cearense,19-Jun,0,393731,0.00
55,Centro-Sul Cearense,19-Jul,0,393731,0.00
56,Centro-Sul Cearense,19-Aug,1,393731,0.25
57,Centro-Sul Cearense,19-Sep,0,393731,0.00
58,Centro-Sul Cearense,19-Oct,0,393731,0.00
59,Centro-Sul Cearense,19-Nov,0,393731,0.00
60,Centro-Sul Cearense,19-Dec,0,393731,0.00
61,Centro-Sul Cearense,20-Jan,0,393731,0.00
62,Centro-Sul Cearense,20-Feb,3,393731,0.76
63,Centro-Sul Cearense,20-Mar,7,393731,1.78
64,Centro-Sul Cearense,20-Apr,4,393731,1.02
65,Centro-Sul Cearense,20-May,1,393731,0.25
66,Centro-Sul Cearense,20-Jun,0,393731,0.00
67,Centro-Sul Cearense,20-Jul,0,393731,0.00
68,Centro-Sul Cearense,20-Aug,1,393731,0.25
69,Centro-Sul Cearense,20-Sep,1,393731,0.25
70,Centro-Sul Cearense,20-Oct,0,393731,0.00
71,Centro-Sul Cearense,20-Nov,0,393731,0.00
72,Centro-Sul Cearense,20-Dec,0,393731,0.00
73,Centro-Sul Cearense,21-Jan,0,393731,0.00
74,Centro-Sul Cearense,21-Feb,0,393731,0.00
75,Centro-Sul Cearense,21-Mar,0,393731,0.00
76,Centro-Sul Cearense,21-Apr,2,393731,0.51
77,Centro-Sul Cearense,21-May,2,393731,0.51
78,Centro-Sul Cearense,21-Jun,2,393731,0.51
79,Centro-Sul Cearense,21-Jul,0,393731,0.00
80,Centro-Sul Cearense,21-Aug,3,393731,0.76
81,Centro-Sul Cearense,21-Sep,1,393731,0.25
82,Centro-Sul Cearense,21-Oct,1,393731,0.25
83,Centro-Sul Cearense,21-Nov,0,393731,0.00
84,Centro-Sul Cearense,21-Dec,0,393731,0.00
85,Centro-Sul Cearense,22-Jan,0,393731,0.00
86,Centro-Sul Cearense,22-Feb,8,393731,2.03
87,Centro-Sul Cearense,22-Mar,48,393731,12.19
88,Centro-Sul Cearense,22-Apr,144,393731,36.57
89,Centro-Sul Cearense,22-May,109,393731,27.68
1,Jaguaribe,15-Jan,0,564641,0.00
2,Jaguaribe,15-Feb,0,564641,0.00
3,Jaguaribe,15-Mar,1,564641,0.18
4,Jaguaribe,15-Apr,2,564641,0.35
5,Jaguaribe,15-May,0,564641,0.00
6,Jaguaribe,15-Jun,0,564641,0.00
7,Jaguaribe,15-Jul,0,564641,0.00
8,Jaguaribe,15-Aug,0,564641,0.00
9,Jaguaribe,15-Sep,0,564641,0.00
10,Jaguaribe,15-Oct,0,564641,0.00
11,Jaguaribe,15-Nov,0,564641,0.00
12,Jaguaribe,15-Dec,0,564641,0.00
13,Jaguaribe,16-Jan,1,564641,0.18
14,Jaguaribe,16-Feb,5,564641,0.89
15,Jaguaribe,16-Mar,56,564641,9.92
16,Jaguaribe,16-Apr,136,564641,24.09
17,Jaguaribe,16-May,154,564641,27.27
18,Jaguaribe,16-Jun,106,564641,18.77
19,Jaguaribe,16-Jul,38,564641,6.73
20,Jaguaribe,16-Aug,15,564641,2.66
21,Jaguaribe,16-Sep,1,564641,0.18
22,Jaguaribe,16-Oct,3,564641,0.53
23,Jaguaribe,16-Nov,1,564641,0.18
24,Jaguaribe,16-Dec,3,564641,0.53
25,Jaguaribe,17-Jan,7,564641,1.24
26,Jaguaribe,17-Feb,7,564641,1.24
27,Jaguaribe,17-Mar,98,564641,17.36
28,Jaguaribe,17-Apr,855,564641,151.42
29,Jaguaribe,17-May,1261,564641,223.33
30,Jaguaribe,17-Jun,859,564641,152.13
31,Jaguaribe,17-Jul,489,564641,86.60
32,Jaguaribe,17-Aug,308,564641,54.55
33,Jaguaribe,17-Sep,71,564641,12.57
34,Jaguaribe,17-Oct,39,564641,6.91
35,Jaguaribe,17-Nov,12,564641,2.13
36,Jaguaribe,17-Dec,2,564641,0.35
37,Jaguaribe,18-Jan,1,564641,0.18
38,Jaguaribe,18-Feb,1,564641,0.18
39,Jaguaribe,18-Mar,0,564641,0.00
40,Jaguaribe,18-Apr,5,564641,0.89
41,Jaguaribe,18-May,3,564641,0.53
42,Jaguaribe,18-Jun,5,564641,0.89
43,Jaguaribe,18-Jul,6,564641,1.06
44,Jaguaribe,18-Aug,8,564641,1.42
45,Jaguaribe,18-Sep,3,564641,0.53
46,Jaguaribe,18-Oct,2,564641,0.35
47,Jaguaribe,18-Nov,5,564641,0.89
48,Jaguaribe,18-Dec,4,564641,0.71
49,Jaguaribe,19-Jan,8,564641,1.42
50,Jaguaribe,19-Feb,2,564641,0.35
51,Jaguaribe,19-Mar,9,564641,1.59
52,Jaguaribe,19-Apr,23,564641,4.07
53,Jaguaribe,19-May,24,564641,4.25
54,Jaguaribe,19-Jun,38,564641,6.73
55,Jaguaribe,19-Jul,19,564641,3.36
56,Jaguaribe,19-Aug,4,564641,0.71
57,Jaguaribe,19-Sep,1,564641,0.18
58,Jaguaribe,19-Oct,1,564641,0.18
59,Jaguaribe,19-Nov,1,564641,0.18
60,Jaguaribe,19-Dec,1,564641,0.18
61,Jaguaribe,20-Jan,2,564641,0.35
62,Jaguaribe,20-Feb,4,564641,0.71
63,Jaguaribe,20-Mar,3,564641,0.53
64,Jaguaribe,20-Apr,6,564641,1.06
65,Jaguaribe,20-May,12,564641,2.13
66,Jaguaribe,20-Jun,21,564641,3.72
67,Jaguaribe,20-Jul,52,564641,9.21
68,Jaguaribe,20-Aug,56,564641,9.92
69,Jaguaribe,20-Sep,30,564641,5.31
70,Jaguaribe,20-Oct,10,564641,1.77
71,Jaguaribe,20-Nov,2,564641,0.35
72,Jaguaribe,20-Dec,4,564641,0.71
73,Jaguaribe,21-Jan,4,564641,0.71
74,Jaguaribe,21-Feb,5,564641,0.89
75,Jaguaribe,21-Mar,10,564641,1.77
76,Jaguaribe,21-Apr,12,564641,2.13
77,Jaguaribe,21-May,12,564641,2.13
78,Jaguaribe,21-Jun,18,564641,3.19
79,Jaguaribe,21-Jul,13,564641,2.30
80,Jaguaribe,21-Aug,6,564641,1.06
81,Jaguaribe,21-Sep,8,564641,1.42
82,Jaguaribe,21-Oct,2,564641,0.35
83,Jaguaribe,21-Nov,1,564641,0.18
84,Jaguaribe,21-Dec,2,564641,0.35
85,Jaguaribe,22-Jan,10,564641,1.77
86,Jaguaribe,22-Feb,0,564641,0.00
87,Jaguaribe,22-Mar,24,564641,4.25
88,Jaguaribe,22-Apr,108,564641,19.13
89,Jaguaribe,22-May,158,564641,27.98
1,Metropolitana de Fortaleza,15-Jan,0,3866237,0.00
2,Metropolitana de Fortaleza,15-Feb,0,3866237,0.00
3,Metropolitana de Fortaleza,15-Mar,1,3866237,0.03
4,Metropolitana de Fortaleza,15-Apr,0,3866237,0.00
5,Metropolitana de Fortaleza,15-May,0,3866237,0.00
6,Metropolitana de Fortaleza,15-Jun,0,3866237,0.00
7,Metropolitana de Fortaleza,15-Jul,0,3866237,0.00
8,Metropolitana de Fortaleza,15-Aug,1,3866237,0.03
9,Metropolitana de Fortaleza,15-Sep,0,3866237,0.00
10,Metropolitana de Fortaleza,15-Oct,0,3866237,0.00
11,Metropolitana de Fortaleza,15-Nov,0,3866237,0.00
12,Metropolitana de Fortaleza,15-Dec,0,3866237,0.00
13,Metropolitana de Fortaleza,16-Jan,10,3866237,0.26
14,Metropolitana de Fortaleza,16-Feb,32,3866237,0.83
15,Metropolitana de Fortaleza,16-Mar,219,3866237,5.66
16,Metropolitana de Fortaleza,16-Apr,571,3866237,14.77
17,Metropolitana de Fortaleza,16-May,1395,3866237,36.08
18,Metropolitana de Fortaleza,16-Jun,1652,3866237,42.73
19,Metropolitana de Fortaleza,16-Jul,982,3866237,25.40
20,Metropolitana de Fortaleza,16-Aug,607,3866237,15.70
21,Metropolitana de Fortaleza,16-Sep,296,3866237,7.66
22,Metropolitana de Fortaleza,16-Oct,171,3866237,4.42
23,Metropolitana de Fortaleza,16-Nov,136,3866237,3.52
24,Metropolitana de Fortaleza,16-Dec,51,3866237,1.32
25,Metropolitana de Fortaleza,17-Jan,87,3866237,2.25
26,Metropolitana de Fortaleza,17-Feb,213,3866237,5.51
27,Metropolitana de Fortaleza,17-Mar,2298,3866237,59.44
28,Metropolitana de Fortaleza,17-Apr,6712,3866237,173.61
29,Metropolitana de Fortaleza,17-May,7803,3866237,201.82
30,Metropolitana de Fortaleza,17-Jun,2683,3866237,69.40
31,Metropolitana de Fortaleza,17-Jul,698,3866237,18.05
32,Metropolitana de Fortaleza,17-Aug,310,3866237,8.02
33,Metropolitana de Fortaleza,17-Sep,97,3866237,2.51
34,Metropolitana de Fortaleza,17-Oct,116,3866237,3.00
35,Metropolitana de Fortaleza,17-Nov,71,3866237,1.84
36,Metropolitana de Fortaleza,17-Dec,60,3866237,1.55
37,Metropolitana de Fortaleza,18-Jan,75,3866237,1.94
38,Metropolitana de Fortaleza,18-Feb,47,3866237,1.22
39,Metropolitana de Fortaleza,18-Mar,39,3866237,1.01
40,Metropolitana de Fortaleza,18-Apr,47,3866237,1.22
41,Metropolitana de Fortaleza,18-May,42,3866237,1.09
42,Metropolitana de Fortaleza,18-Jun,35,3866237,0.91
43,Metropolitana de Fortaleza,18-Jul,19,3866237,0.49
44,Metropolitana de Fortaleza,18-Aug,24,3866237,0.62
45,Metropolitana de Fortaleza,18-Sep,28,3866237,0.72
46,Metropolitana de Fortaleza,18-Oct,21,3866237,0.54
47,Metropolitana de Fortaleza,18-Nov,38,3866237,0.98
48,Metropolitana de Fortaleza,18-Dec,24,3866237,0.62
49,Metropolitana de Fortaleza,19-Jan,36,3866237,0.93
50,Metropolitana de Fortaleza,19-Feb,16,3866237,0.41
51,Metropolitana de Fortaleza,19-Mar,20,3866237,0.52
52,Metropolitana de Fortaleza,19-Apr,45,3866237,1.16
53,Metropolitana de Fortaleza,19-May,14,3866237,0.36
54,Metropolitana de Fortaleza,19-Jun,23,3866237,0.59
55,Metropolitana de Fortaleza,19-Jul,21,3866237,0.54
56,Metropolitana de Fortaleza,19-Aug,14,3866237,0.36
57,Metropolitana de Fortaleza,19-Sep,16,3866237,0.41
58,Metropolitana de Fortaleza,19-Oct,26,3866237,0.67
59,Metropolitana de Fortaleza,19-Nov,16,3866237,0.41
60,Metropolitana de Fortaleza,19-Dec,24,3866237,0.62
61,Metropolitana de Fortaleza,20-Jan,22,3866237,0.57
62,Metropolitana de Fortaleza,20-Feb,17,3866237,0.44
63,Metropolitana de Fortaleza,20-Mar,32,3866237,0.83
64,Metropolitana de Fortaleza,20-Apr,17,3866237,0.44
65,Metropolitana de Fortaleza,20-May,25,3866237,0.65
66,Metropolitana de Fortaleza,20-Jun,46,3866237,1.19
67,Metropolitana de Fortaleza,20-Jul,54,3866237,1.40
68,Metropolitana de Fortaleza,20-Aug,49,3866237,1.27
69,Metropolitana de Fortaleza,20-Sep,39,3866237,1.01
70,Metropolitana de Fortaleza,20-Oct,34,3866237,0.88
71,Metropolitana de Fortaleza,20-Nov,14,3866237,0.36
72,Metropolitana de Fortaleza,20-Dec,15,3866237,0.39
73,Metropolitana de Fortaleza,21-Jan,17,3866237,0.44
74,Metropolitana de Fortaleza,21-Feb,31,3866237,0.80
75,Metropolitana de Fortaleza,21-Mar,27,3866237,0.70
76,Metropolitana de Fortaleza,21-Apr,66,3866237,1.71
77,Metropolitana de Fortaleza,21-May,51,3866237,1.32
78,Metropolitana de Fortaleza,21-Jun,37,3866237,0.96
79,Metropolitana de Fortaleza,21-Jul,31,3866237,0.80
80,Metropolitana de Fortaleza,21-Aug,26,3866237,0.67
81,Metropolitana de Fortaleza,21-Sep,15,3866237,0.39
82,Metropolitana de Fortaleza,21-Oct,13,3866237,0.34
83,Metropolitana de Fortaleza,21-Nov,5,3866237,0.13
84,Metropolitana de Fortaleza,21-Dec,10,3866237,0.26
85,Metropolitana de Fortaleza,22-Jan,28,3866237,0.72
86,Metropolitana de Fortaleza,22-Feb,102,3866237,2.64
87,Metropolitana de Fortaleza,22-Mar,823,3866237,21.29
88,Metropolitana de Fortaleza,22-Apr,1911,3866237,49.43
89,Metropolitana de Fortaleza,22-May,1543,3866237,39.91
1,Noroeste Cearense,15-Jan,0,1441656,0.00
2,Noroeste Cearense,15-Feb,0,1441656,0.00
3,Noroeste Cearense,15-Mar,0,1441656,0.00
4,Noroeste Cearense,15-Apr,0,1441656,0.00
5,Noroeste Cearense,15-May,0,1441656,0.00
6,Noroeste Cearense,15-Jun,0,1441656,0.00
7,Noroeste Cearense,15-Jul,0,1441656,0.00
8,Noroeste Cearense,15-Aug,0,1441656,0.00
9,Noroeste Cearense,15-Sep,0,1441656,0.00
10,Noroeste Cearense,15-Oct,0,1441656,0.00
11,Noroeste Cearense,15-Nov,0,1441656,0.00
12,Noroeste Cearense,15-Dec,0,1441656,0.00
13,Noroeste Cearense,16-Jan,0,1441656,0.00
14,Noroeste Cearense,16-Feb,1,1441656,0.07
15,Noroeste Cearense,16-Mar,13,1441656,0.90
16,Noroeste Cearense,16-Apr,67,1441656,4.65
17,Noroeste Cearense,16-May,856,1441656,59.38
18,Noroeste Cearense,16-Jun,920,1441656,63.82
19,Noroeste Cearense,16-Jul,365,1441656,25.32
20,Noroeste Cearense,16-Aug,118,1441656,8.19
21,Noroeste Cearense,16-Sep,31,1441656,2.15
22,Noroeste Cearense,16-Oct,14,1441656,0.97
23,Noroeste Cearense,16-Nov,4,1441656,0.28
24,Noroeste Cearense,16-Dec,5,1441656,0.35
25,Noroeste Cearense,17-Jan,3,1441656,0.21
26,Noroeste Cearense,17-Feb,9,1441656,0.62
27,Noroeste Cearense,17-Mar,49,1441656,3.40
28,Noroeste Cearense,17-Apr,558,1441656,38.71
29,Noroeste Cearense,17-May,1759,1441656,122.01
30,Noroeste Cearense,17-Jun,1406,1441656,97.53
31,Noroeste Cearense,17-Jul,306,1441656,21.23
32,Noroeste Cearense,17-Aug,112,1441656,7.77
33,Noroeste Cearense,17-Sep,10,1441656,0.69
34,Noroeste Cearense,17-Oct,15,1441656,1.04
35,Noroeste Cearense,17-Nov,5,1441656,0.35
36,Noroeste Cearense,17-Dec,5,1441656,0.35
37,Noroeste Cearense,18-Jan,5,1441656,0.35
38,Noroeste Cearense,18-Feb,3,1441656,0.21
39,Noroeste Cearense,18-Mar,1,1441656,0.07
40,Noroeste Cearense,18-Apr,11,1441656,0.76
41,Noroeste Cearense,18-May,7,1441656,0.49
42,Noroeste Cearense,18-Jun,7,1441656,0.49
43,Noroeste Cearense,18-Jul,2,1441656,0.14
44,Noroeste Cearense,18-Aug,3,1441656,0.21
45,Noroeste Cearense,18-Sep,7,1441656,0.49
46,Noroeste Cearense,18-Oct,7,1441656,0.49
47,Noroeste Cearense,18-Nov,8,1441656,0.55
48,Noroeste Cearense,18-Dec,6,1441656,0.42
49,Noroeste Cearense,19-Jan,5,1441656,0.35
50,Noroeste Cearense,19-Feb,4,1441656,0.28
51,Noroeste Cearense,19-Mar,6,1441656,0.42
52,Noroeste Cearense,19-Apr,11,1441656,0.76
53,Noroeste Cearense,19-May,13,1441656,0.90
54,Noroeste Cearense,19-Jun,4,1441656,0.28
55,Noroeste Cearense,19-Jul,5,1441656,0.35
56,Noroeste Cearense,19-Aug,3,1441656,0.21
57,Noroeste Cearense,19-Sep,2,1441656,0.14
58,Noroeste Cearense,19-Oct,11,1441656,0.76
59,Noroeste Cearense,19-Nov,0,1441656,0.00
60,Noroeste Cearense,19-Dec,1,1441656,0.07
61,Noroeste Cearense,20-Jan,2,1441656,0.14
62,Noroeste Cearense,20-Feb,1,1441656,0.07
63,Noroeste Cearense,20-Mar,8,1441656,0.55
64,Noroeste Cearense,20-Apr,9,1441656,0.62
65,Noroeste Cearense,20-May,5,1441656,0.35
66,Noroeste Cearense,20-Jun,9,1441656,0.62
67,Noroeste Cearense,20-Jul,6,1441656,0.42
68,Noroeste Cearense,20-Aug,52,1441656,3.61
69,Noroeste Cearense,20-Sep,10,1441656,0.69
70,Noroeste Cearense,20-Oct,21,1441656,1.46
71,Noroeste Cearense,20-Nov,5,1441656,0.35
72,Noroeste Cearense,20-Dec,3,1441656,0.21
73,Noroeste Cearense,21-Jan,2,1441656,0.14
74,Noroeste Cearense,21-Feb,31,1441656,2.15
75,Noroeste Cearense,21-Mar,49,1441656,3.40
76,Noroeste Cearense,21-Apr,12,1441656,0.83
77,Noroeste Cearense,21-May,20,1441656,1.39
78,Noroeste Cearense,21-Jun,23,1441656,1.60
79,Noroeste Cearense,21-Jul,32,1441656,2.22
80,Noroeste Cearense,21-Aug,14,1441656,0.97
81,Noroeste Cearense,21-Sep,7,1441656,0.49
82,Noroeste Cearense,21-Oct,9,1441656,0.62
83,Noroeste Cearense,21-Nov,7,1441656,0.49
84,Noroeste Cearense,21-Dec,8,1441656,0.55
85,Noroeste Cearense,22-Jan,12,1441656,0.83
86,Noroeste Cearense,22-Feb,6,1441656,0.42
87,Noroeste Cearense,22-Mar,18,1441656,1.25
88,Noroeste Cearense,22-Apr,79,1441656,5.48
88,Noroeste Cearense,22-May,99,1441656,6.87
1,Norte Cearense,15-Jan,0,1107100,0.00
2,Norte Cearense,15-Feb,0,1107100,0.00
3,Norte Cearense,15-Mar,0,1107100,0.00
4,Norte Cearense,15-Apr,1,1107100,0.09
5,Norte Cearense,15-May,0,1107100,0.00
6,Norte Cearense,15-Jun,0,1107100,0.00
7,Norte Cearense,15-Jul,0,1107100,0.00
8,Norte Cearense,15-Aug,1,1107100,0.09
9,Norte Cearense,15-Sep,0,1107100,0.00
10,Norte Cearense,15-Oct,0,1107100,0.00
11,Norte Cearense,15-Nov,0,1107100,0.00
12,Norte Cearense,15-Dec,0,1107100,0.00
13,Norte Cearense,16-Jan,4,1107100,0.36
14,Norte Cearense,16-Feb,10,1107100,0.90
15,Norte Cearense,16-Mar,111,1107100,10.03
16,Norte Cearense,16-Apr,531,1107100,47.96
17,Norte Cearense,16-May,944,1107100,85.27
18,Norte Cearense,16-Jun,671,1107100,60.61
19,Norte Cearense,16-Jul,281,1107100,25.38
20,Norte Cearense,16-Aug,197,1107100,17.79
21,Norte Cearense,16-Sep,55,1107100,4.97
22,Norte Cearense,16-Oct,28,1107100,2.53
23,Norte Cearense,16-Nov,27,1107100,2.44
24,Norte Cearense,16-Dec,11,1107100,0.99
25,Norte Cearense,17-Jan,147,1107100,13.28
26,Norte Cearense,17-Feb,313,1107100,28.27
27,Norte Cearense,17-Mar,876,1107100,79.13
28,Norte Cearense,17-Apr,2038,1107100,184.08
29,Norte Cearense,17-May,2078,1107100,187.70
30,Norte Cearense,17-Jun,631,1107100,57.00
31,Norte Cearense,17-Jul,232,1107100,20.96
32,Norte Cearense,17-Aug,68,1107100,6.14
33,Norte Cearense,17-Sep,16,1107100,1.45
34,Norte Cearense,17-Oct,13,1107100,1.17
35,Norte Cearense,17-Nov,3,1107100,0.27
36,Norte Cearense,17-Dec,8,1107100,0.72
37,Norte Cearense,18-Jan,6,1107100,0.54
38,Norte Cearense,18-Feb,8,1107100,0.72
39,Norte Cearense,18-Mar,1,1107100,0.09
40,Norte Cearense,18-Apr,11,1107100,0.99
41,Norte Cearense,18-May,11,1107100,0.99
42,Norte Cearense,18-Jun,22,1107100,1.99
43,Norte Cearense,18-Jul,29,1107100,2.62
44,Norte Cearense,18-Aug,19,1107100,1.72
45,Norte Cearense,18-Sep,9,1107100,0.81
46,Norte Cearense,18-Oct,3,1107100,0.27
47,Norte Cearense,18-Nov,6,1107100,0.54
48,Norte Cearense,18-Dec,6,1107100,0.54
49,Norte Cearense,19-Jan,9,1107100,0.81
50,Norte Cearense,19-Feb,22,1107100,1.99
51,Norte Cearense,19-Mar,20,1107100,1.81
52,Norte Cearense,19-Apr,28,1107100,2.53
53,Norte Cearense,19-May,10,1107100,0.90
54,Norte Cearense,19-Jun,8,1107100,0.72
55,Norte Cearense,19-Jul,9,1107100,0.81
56,Norte Cearense,19-Aug,3,1107100,0.27
57,Norte Cearense,19-Sep,10,1107100,0.90
58,Norte Cearense,19-Oct,12,1107100,1.08
59,Norte Cearense,19-Nov,6,1107100,0.54
60,Norte Cearense,19-Dec,4,1107100,0.36
61,Norte Cearense,20-Jan,5,1107100,0.45
62,Norte Cearense,20-Feb,3,1107100,0.27
63,Norte Cearense,20-Mar,18,1107100,1.63
64,Norte Cearense,20-Apr,14,1107100,1.26
65,Norte Cearense,20-May,12,1107100,1.08
66,Norte Cearense,20-Jun,9,1107100,0.81
67,Norte Cearense,20-Jul,12,1107100,1.08
68,Norte Cearense,20-Aug,8,1107100,0.72
69,Norte Cearense,20-Sep,4,1107100,0.36
70,Norte Cearense,20-Oct,3,1107100,0.27
71,Norte Cearense,20-Nov,4,1107100,0.36
72,Norte Cearense,20-Dec,2,1107100,0.18
73,Norte Cearense,21-Jan,1,1107100,0.09
74,Norte Cearense,21-Feb,4,1107100,0.36
75,Norte Cearense,21-Mar,7,1107100,0.63
76,Norte Cearense,21-Apr,8,1107100,0.72
77,Norte Cearense,21-May,15,1107100,1.35
78,Norte Cearense,21-Jun,7,1107100,0.63
79,Norte Cearense,21-Jul,9,1107100,0.81
80,Norte Cearense,21-Aug,8,1107100,0.72
81,Norte Cearense,21-Sep,5,1107100,0.45
82,Norte Cearense,21-Oct,10,1107100,0.90
83,Norte Cearense,21-Nov,3,1107100,0.27
84,Norte Cearense,21-Dec,6,1107100,0.54
85,Norte Cearense,22-Jan,14,1107100,1.26
86,Norte Cearense,22-Feb,42,1107100,3.79
87,Norte Cearense,22-Mar,326,1107100,29.45
88,Norte Cearense,22-Apr,605,1107100,54.65
88,Norte Cearense,22-May,310,1107100,28.00
1,Sertões Cearenses,15-Jan,0,920008,0.00
2,Sertões Cearenses,15-Feb,0,920008,0.00
3,Sertões Cearenses,15-Mar,0,920008,0.00
4,Sertões Cearenses,15-Apr,0,920008,0.00
5,Sertões Cearenses,15-May,0,920008,0.00
6,Sertões Cearenses,15-Jun,0,920008,0.00
7,Sertões Cearenses,15-Jul,0,920008,0.00
8,Sertões Cearenses,15-Aug,0,920008,0.00
9,Sertões Cearenses,15-Sep,0,920008,0.00
10,Sertões Cearenses,15-Oct,0,920008,0.00
11,Sertões Cearenses,15-Nov,0,920008,0.00
12,Sertões Cearenses,15-Dec,0,920008,0.00
13,Sertões Cearenses,16-Jan,0,920008,0.00
14,Sertões Cearenses,16-Feb,0,920008,0.00
15,Sertões Cearenses,16-Mar,45,920008,4.89
16,Sertões Cearenses,16-Apr,577,920008,62.72
17,Sertões Cearenses,16-May,1485,920008,161.41
18,Sertões Cearenses,16-Jun,667,920008,72.50
19,Sertões Cearenses,16-Jul,186,920008,20.22
20,Sertões Cearenses,16-Aug,41,920008,4.46
21,Sertões Cearenses,16-Sep,18,920008,1.96
22,Sertões Cearenses,16-Oct,5,920008,0.54
23,Sertões Cearenses,16-Nov,9,920008,0.98
24,Sertões Cearenses,16-Dec,1,920008,0.11
25,Sertões Cearenses,17-Jan,7,920008,0.76
26,Sertões Cearenses,17-Feb,37,920008,4.02
27,Sertões Cearenses,17-Mar,348,920008,37.83
28,Sertões Cearenses,17-Apr,595,920008,64.67
29,Sertões Cearenses,17-May,1300,920008,141.30
30,Sertões Cearenses,17-Jun,394,920008,42.83
31,Sertões Cearenses,17-Jul,69,920008,7.50
32,Sertões Cearenses,17-Aug,27,920008,2.93
33,Sertões Cearenses,17-Sep,3,920008,0.33
34,Sertões Cearenses,17-Oct,2,920008,0.22
35,Sertões Cearenses,17-Nov,1,920008,0.11
36,Sertões Cearenses,17-Dec,1,920008,0.11
37,Sertões Cearenses,18-Jan,3,920008,0.33
38,Sertões Cearenses,18-Feb,1,920008,0.11
39,Sertões Cearenses,18-Mar,1,920008,0.11
40,Sertões Cearenses,18-Apr,1,920008,0.11
41,Sertões Cearenses,18-May,1,920008,0.11
42,Sertões Cearenses,18-Jun,0,920008,0.00
43,Sertões Cearenses,18-Jul,1,920008,0.11
44,Sertões Cearenses,18-Aug,1,920008,0.11
45,Sertões Cearenses,18-Sep,0,920008,0.00
46,Sertões Cearenses,18-Oct,2,920008,0.22
47,Sertões Cearenses,18-Nov,3,920008,0.33
48,Sertões Cearenses,18-Dec,0,920008,0.00
49,Sertões Cearenses,19-Jan,0,920008,0.00
50,Sertões Cearenses,19-Feb,2,920008,0.22
51,Sertões Cearenses,19-Mar,5,920008,0.54
52,Sertões Cearenses,19-Apr,307,920008,33.37
53,Sertões Cearenses,19-May,2,920008,0.22
54,Sertões Cearenses,19-Jun,1,920008,0.11
55,Sertões Cearenses,19-Jul,1,920008,0.11
56,Sertões Cearenses,19-Aug,0,920008,0.00
57,Sertões Cearenses,19-Sep,3,920008,0.33
58,Sertões Cearenses,19-Oct,1,920008,0.11
59,Sertões Cearenses,19-Nov,2,920008,0.22
60,Sertões Cearenses,19-Dec,0,920008,0.00
61,Sertões Cearenses,20-Jan,5,920008,0.54
62,Sertões Cearenses,20-Feb,5,920008,0.54
63,Sertões Cearenses,20-Mar,3,920008,0.33
64,Sertões Cearenses,20-Apr,1,920008,0.11
65,Sertões Cearenses,20-May,1,920008,0.11
66,Sertões Cearenses,20-Jun,0,920008,0.00
67,Sertões Cearenses,20-Jul,0,920008,0.00
68,Sertões Cearenses,20-Aug,4,920008,0.43
69,Sertões Cearenses,20-Sep,3,920008,0.33
70,Sertões Cearenses,20-Oct,2,920008,0.22
71,Sertões Cearenses,20-Nov,0,920008,0.00
72,Sertões Cearenses,20-Dec,0,920008,0.00
73,Sertões Cearenses,21-Jan,0,920008,0.00
74,Sertões Cearenses,21-Feb,0,920008,0.00
75,Sertões Cearenses,21-Mar,1,920008,0.11
76,Sertões Cearenses,21-Apr,3,920008,0.33
77,Sertões Cearenses,21-May,2,920008,0.22
78,Sertões Cearenses,21-Jun,2,920008,0.22
79,Sertões Cearenses,21-Jul,1,920008,0.11
80,Sertões Cearenses,21-Aug,0,920008,0.00
81,Sertões Cearenses,21-Sep,1,920008,0.11
82,Sertões Cearenses,21-Oct,4,920008,0.43
83,Sertões Cearenses,21-Nov,29,920008,3.15
84,Sertões Cearenses,21-Dec,33,920008,3.59
85,Sertões Cearenses,22-Jan,26,920008,2.83
86,Sertões Cearenses,22-Feb,58,920008,6.30
87,Sertões Cearenses,22-Mar,115,920008,12.50
88,Sertões Cearenses,22-Apr,149,920008,16.20
89,Sertões Cearenses,22-May,91,920008,9.89
1,Sul Cearense,15-Jan,0,947207,0.00
2,Sul Cearense,15-Feb,0,947207,0.00
3,Sul Cearense,15-Mar,0,947207,0.00
4,Sul Cearense,15-Apr,1,947207,0.11
5,Sul Cearense,15-May,3,947207,0.32
6,Sul Cearense,15-Jun,0,947207,0.00
7,Sul Cearense,15-Jul,0,947207,0.00
8,Sul Cearense,15-Aug,0,947207,0.00
9,Sul Cearense,15-Sep,1,947207,0.11
10,Sul Cearense,15-Oct,0,947207,0.00
11,Sul Cearense,15-Nov,0,947207,0.00
12,Sul Cearense,15-Dec,1,947207,0.11
13,Sul Cearense,16-Jan,3,947207,0.32
14,Sul Cearense,16-Feb,6,947207,0.63
15,Sul Cearense,16-Mar,327,947207,34.52
16,Sul Cearense,16-Apr,677,947207,71.47
17,Sul Cearense,16-May,647,947207,68.31
18,Sul Cearense,16-Jun,196,947207,20.69
19,Sul Cearense,16-Jul,44,947207,4.65
20,Sul Cearense,16-Aug,7,947207,0.74
21,Sul Cearense,16-Sep,5,947207,0.53
22,Sul Cearense,16-Oct,2,947207,0.21
23,Sul Cearense,16-Nov,1,947207,0.11
24,Sul Cearense,16-Dec,4,947207,0.42
25,Sul Cearense,17-Jan,5,947207,0.53
26,Sul Cearense,17-Feb,4,947207,0.42
27,Sul Cearense,17-Mar,28,947207,2.96
28,Sul Cearense,17-Apr,159,947207,16.79
29,Sul Cearense,17-May,517,947207,54.58
30,Sul Cearense,17-Jun,337,947207,35.58
31,Sul Cearense,17-Jul,144,947207,15.20
32,Sul Cearense,17-Aug,40,947207,4.22
33,Sul Cearense,17-Sep,8,947207,0.84
34,Sul Cearense,17-Oct,4,947207,0.42
35,Sul Cearense,17-Nov,5,947207,0.53
36,Sul Cearense,17-Dec,2,947207,0.21
37,Sul Cearense,18-Jan,9,947207,0.95
38,Sul Cearense,18-Feb,7,947207,0.74
39,Sul Cearense,18-Mar,14,947207,1.48
40,Sul Cearense,18-Apr,11,947207,1.16
41,Sul Cearense,18-May,9,947207,0.95
42,Sul Cearense,18-Jun,11,947207,1.16
43,Sul Cearense,18-Jul,4,947207,0.42
44,Sul Cearense,18-Aug,7,947207,0.74
45,Sul Cearense,18-Sep,2,947207,0.21
46,Sul Cearense,18-Oct,56,947207,5.91
47,Sul Cearense,18-Nov,56,947207,5.91
48,Sul Cearense,18-Dec,4,947207,0.42
49,Sul Cearense,19-Jan,3,947207,0.32
50,Sul Cearense,19-Feb,6,947207,0.63
51,Sul Cearense,19-Mar,2,947207,0.21
52,Sul Cearense,19-Apr,4,947207,0.42
53,Sul Cearense,19-May,5,947207,0.53
54,Sul Cearense,19-Jun,1,947207,0.11
55,Sul Cearense,19-Jul,3,947207,0.32
56,Sul Cearense,19-Aug,1,947207,0.11
57,Sul Cearense,19-Sep,6,947207,0.63
58,Sul Cearense,19-Oct,2,947207,0.21
59,Sul Cearense,19-Nov,1,947207,0.11
60,Sul Cearense,19-Dec,0,947207,0.00
61,Sul Cearense,20-Jan,2,947207,0.21
62,Sul Cearense,20-Feb,3,947207,0.32
63,Sul Cearense,20-Mar,16,947207,1.69
64,Sul Cearense,20-Apr,5,947207,0.53
65,Sul Cearense,20-May,9,947207,0.95
66,Sul Cearense,20-Jun,8,947207,0.84
67,Sul Cearense,20-Jul,5,947207,0.53
68,Sul Cearense,20-Aug,2,947207,0.21
69,Sul Cearense,20-Sep,1,947207,0.11
70,Sul Cearense,20-Oct,0,947207,0.00
71,Sul Cearense,20-Nov,0,947207,0.00
72,Sul Cearense,20-Dec,0,947207,0.00
73,Sul Cearense,21-Jan,1,947207,0.11
74,Sul Cearense,21-Feb,6,947207,0.63
75,Sul Cearense,21-Mar,24,947207,2.53
76,Sul Cearense,21-Apr,13,947207,1.37
77,Sul Cearense,21-May,10,947207,1.06
78,Sul Cearense,21-Jun,25,947207,2.64
79,Sul Cearense,21-Jul,42,947207,4.43
80,Sul Cearense,21-Aug,61,947207,6.44
81,Sul Cearense,21-Sep,35,947207,3.70
82,Sul Cearense,21-Oct,28,947207,2.96
83,Sul Cearense,21-Nov,14,947207,1.48
84,Sul Cearense,21-Dec,18,947207,1.90
85,Sul Cearense,22-Jan,181,947207,19.11
86,Sul Cearense,22-Feb,1868,947207,197.21
87,Sul Cearense,22-Mar,4804,947207,507.18
88,Sul Cearense,22-Apr,4357,947207,459.98
89,Sul Cearense,22-May,1634,947207,172.51